Model,Sharpe Ratio
Mkt,0.25561435483589773
mlp_128_64_32,0.4029660847272751
mlp_256_128_64_32,0.09799322755044002
mlp_64_32,-0.3998369946074465
hgbr,1.4319704242917604
Ridge,0.0672141449653041
Lasso,11.573221844977713
